final_gene,geneID,baseMean,log2FoldChange,lfcSE,stat,pvalue,padj,chromosome,gene_start,gene_end,mapman,Pfam,PANTHER,other_domain_databases,GO_molecular_function,GO_biological_process,GO_cellular_component,eggNOG,GO_IDs,GO_MF_desc,B2GO_IDs,Sequence_Name,Sequence_Description,Enzyme_Code,Annotation_GO_ID,Annotation_GO_Count,InterPro_Accession,InterPro_GO_ID
Vitvi05_01chr14g05020,Vitvi05_01chr14g05020,170.713972111504,-0.714754237512188,0.143511307404147,-4.98047331907685,6.34289473380011e-7,0.00756447822107577,chr14,3825002,3835534,NA,"PF00931 ('NB-ARC domain-NB-ARC', '1.4E-42', 'Pfam'); PF00931 ('NB-ARC domain-NB-ARC', '2.1E-42', 'Pfam')","PTHR33463 ('NB-ARC DOMAIN-CONTAINING PROTEIN-RELATED-Plant disease resistance NBS-LRR', '0.0', 'PANTHER'); PTHR33463 ('NB-ARC DOMAIN-CONTAINING PROTEIN-RELATED-Plant disease resistance NBS-LRR', '2.6E-212', 'PANTHER')","G3DSA:3.80.10.10 ('Ribonuclease Inhibitor-Leucine-rich repeat domain superfamily', '4.5E-6', 'Gene3D'); G3DSA:3.80.10.10 ('Ribonuclease Inhibitor-Leucine-rich repeat domain superfamily', '8.5E-15', 'Gene3D'); SSF52058 ('L domain-like', '3.2E-18', 'SUPERFAMILY'); SSF52540 ('P-loop containing nucleoside triphosphate hydrolases-P-loop containing nucleoside triphosphate hydrolase', '2.08E-47', 'SUPERFAMILY'); G3DSA:1.10.8.430 ('Apoptotic protease-activating factors, helical domain', '2.6E-19', 'Gene3D'); G3DSA:3.80.10.10 ('Ribonuclease Inhibitor-Leucine-rich repeat domain superfamily', '4.0E-8', 'Gene3D'); G3DSA:1.10.8.430 ('Apoptotic protease-activating factors, helical domain', '3.5E-19', 'Gene3D'); G3DSA:3.80.10.10 ('Ribonuclease Inhibitor-Leucine-rich repeat domain superfamily', '2.2E-7', 'Gene3D'); G3DSA:3.40.50.300:FF:001091 ('Probable disease resistance protein At1g61300', '2.2E-32', 'FunFam'); SSF52058 ('L domain-like', '1.24E-32', 'SUPERFAMILY'); G3DSA:3.40.50.300 ('P-loop containing nucleoside triphosphate hydrolase', '9.7E-32', 'Gene3D'); PR00364 ('Disease resistance protein signature', '4.8E-19', 'PRINTS'); G3DSA:3.80.10.10 ('Ribonuclease Inhibitor-Leucine-rich repeat domain superfamily', '3.5E-9', 'Gene3D'); SM00382 ('AAA_5-AAA+ ATPase domain', '0.0032', 'SMART'); G3DSA:3.80.10.10 ('Ribonuclease Inhibitor-Leucine-rich repeat domain superfamily', '3.6E-31', 'Gene3D'); SSF52540 ('P-loop containing nucleoside triphosphate hydrolases-P-loop containing nucleoside triphosphate hydrolase', '1.4E-47', 'SUPERFAMILY'); SSF52058 ('L domain-like', '4.42E-33', 'SUPERFAMILY'); G3DSA:3.40.50.300:FF:001091 ('Probable disease resistance protein At1g61300', '3.1E-32', 'FunFam'); PR00364 ('Disease resistance protein signature', '1.9E-19', 'PRINTS'); G3DSA:3.80.10.10 ('Ribonuclease Inhibitor-Leucine-rich repeat domain superfamily', '4.9E-25', 'Gene3D'); SSF52047 ('RNI-like', '2.98E-10', 'SUPERFAMILY'); G3DSA:3.40.50.300 ('P-loop containing nucleoside triphosphate hydrolase', '1.3E-31', 'Gene3D')",NA,NA,NA,Disease resistance protein,NA,NA,GO:0016887;GO:0043531,Vitvi05_01chr14g05020_t001_CDS1.prot;Vitvi05_01chr14g05020_t002_CDS1.prot,XP_010660084.1probable disease resistance protein At4g27220,EC:3.6.1.15,GO:0016887;GO:0043531,2,noIPR;noIPR;noIPR;noIPR;IPR003593;IPR002182;IPR032675;IPR027417;IPR032675;IPR042197;IPR032675;IPR050905;noIPR;noIPR;IPR027417;noIPR;noIPR;noIPR;noIPR;IPR003593;IPR042197;IPR032675;IPR002182;IPR032675;IPR027417;IPR050905;noIPR;noIPR;IPR027417,;;;;GO:0016887;GO:0043531;;;;;;;;;;;;;;GO:0016887;;;GO:0043531;;;;;;
pPLA-IIÎ±3,Vitvi05_01chr18g12290,555.509706594116,-0.992636211610878,0.199446894719632,-4.97694493066064,6.4595689518601e-7,0.00756447822107577,chr18,9068237,9072967,5.2.10.2.2.3: 'phospholipase-A2 *(pPLA2-II)',"PF01734 ('Patatin-like phospholipase-Patatin-like phospholipase domain', '3.8E-20', 'Pfam'); PF01734 ('Patatin-like phospholipase-Patatin-like phospholipase domain', '5.0E-20', 'Pfam')","PTHR32176 ('XYLOSE ISOMERASE', '0.0', 'PANTHER'); PTHR32176 ('XYLOSE ISOMERASE', '2.0E-189', 'PANTHER')","G3DSA:3.40.1090.10 ('Cytosolic phospholipase A2 catalytic domain', '3.1E-127', 'Gene3D'); PS51635 ('Patatin-like phospholipase (PNPLA) domain profile.-Patatin-like phospholipase domain', '37.977913', 'ProSiteProfiles'); G3DSA:3.40.1090.10 ('Cytosolic phospholipase A2 catalytic domain', '4.6E-127', 'Gene3D'); cd07214 ('Pat17_isozyme_like', '0.0', 'CDD'); SSF52151 ('FabD/lysophospholipase-like-Acyl transferase/acyl hydrolase/lysophospholipase', '5.49E-71', 'SUPERFAMILY'); G3DSA:3.40.1090.10:FF:000005 ('Patatin', '5.4E-203', 'FunFam'); G3DSA:3.40.1090.10:FF:000005 ('Patatin', '0.0', 'FunFam'); SSF52151 ('FabD/lysophospholipase-like-Acyl transferase/acyl hydrolase/lysophospholipase', '7.85E-71', 'SUPERFAMILY')",NA,NA,NA,lipolytic acyl hydrolase (LAH),NA,NA,GO:0047372;GO:0016042;GO:0004620,Vitvi05_01chr18g12290_t002_CDS1.prot;Vitvi05_01chr18g12290_t001_CDS1.prot,"XP_002284571.1patatin-like protein 2;CBI19544.3unnamed protein product, partial",EC:3.1.1.23,GO:0004620;GO:0016042;GO:0047372,3,noIPR;noIPR;IPR002641;noIPR;noIPR;IPR002641;noIPR;IPR016035;noIPR;IPR002641;noIPR;noIPR;noIPR;IPR002641;noIPR;IPR016035,;;GO:0006629;;GO:0004620/GO:0047372;GO:0006629;;;;GO:0006629;;;GO:0004620/GO:0047372;GO:0006629;;
Vitvi05_01chr16g20640,Vitvi05_01chr16g20640,1315.53579675864,0.885831454940078,0.183945059919361,4.81573930459679,1.4665588857402e-6,0.0114494252209737,chr16,26569937,26570561,25.2.4.2: 'regulatory protein *(LSU)',NA,"PTHR34283 ('PROTEIN RESPONSE TO LOW SULFUR 1-Protein response to low sulfur', '2.6E-42', 'PANTHER')",NA,NA,NA,NA,cellular response to sulfur starvation,NA,NA,GO:0098869,Vitvi05_01chr16g20640_t001_CDS1.prot,RVW41282.1Protein response to low sulfur 2,NA,GO:0098869,1,noIPR;noIPR;noIPR;noIPR;IPR039282,;;;;GO:0098869
Vitvi05_01chr08g15780,Vitvi05_01chr08g15780,1081.25876516879,-0.869943542668378,0.187019064327312,-4.65163028056779,3.29321117292177e-6,0.0192825747202502,chr08,17212470,17215282,21.8.1.5.1: 'cutin sn-glycerol-3-phosphate acyltransferase'; 5.2.1.2.2: 'glycerol-3-phosphate acyltransferase *(GPAT4-8)',"PF01553 ('Acyltransferase-Phospholipid/glycerol acyltransferase', '2.3E-5', 'Pfam'); PF12710 ('haloacid dehalogenase-like hydrolase', '2.1E-19', 'Pfam')","PTHR15486 ('ANCIENT UBIQUITOUS PROTEIN', '0.0', 'PANTHER')","SM00563 ('plsc_2-Phospholipid/glycerol acyltransferase', '2.6E-15', 'SMART'); SSF56784 ('HAD-like-HAD-like superfamily', '4.95E-6', 'SUPERFAMILY'); SSF69593 ('Glycerol-3-phosphate (1)-acyltransferase', '1.7E-30', 'SUPERFAMILY'); cd06551 ('LPLAT', '8.83316E-20', 'CDD'); G3DSA:3.40.50.1000:FF:000134 ('Glycerol-3-phosphate 2-O-acyltransferase 6', '3.9E-60', 'FunFam'); G3DSA:3.40.50.1000 ('HAD superfamily', '1.2E-10', 'Gene3D')","GO:0008374: 'O-acyltransferase activity (molecular_function)'; GO:0016791: 'phosphatase activity (molecular_function)'; GO:0016788: 'hydrolase activity, acting on ester bonds (molecular_function)'; GO:0016747: 'acyltransferase activity, transferring groups other than amino-acyl groups (molecular_function)'; GO:0003824: 'catalytic activity (molecular_function)'; GO:0003674: 'molecular_function (molecular_function)'; GO:0090447: 'glycerol-3-phosphate 2-O-acyltransferase activity (molecular_function)'; GO:0016740: 'transferase activity (molecular_function)'; GO:0016787: 'hydrolase activity (molecular_function)'; GO:0042578: 'phosphoric ester hydrolase activity (molecular_function)'; GO:0016746: 'acyltransferase activity (molecular_function)'",GO:0061458: 'reproductive system development (biological_process)'; GO:0008152: 'metabolic process (biological_process)'; GO:0006796: 'phosphate-containing compound metabolic process (biological_process)'; GO:0003006: 'developmental process involved in reproduction (biological_process)'; GO:0000003: 'obsolete reproduction (biological_process)'; GO:0009791: 'post-embryonic development (biological_process)'; GO:0048731: 'system development (biological_process)'; GO:0010143: 'cutin biosynthetic process (biological_process)'; GO:0009058: 'biosynthetic process (biological_process)'; GO:0007275: 'multicellular organism development (biological_process)'; GO:0009987: 'cellular process (biological_process)'; GO:0032502: 'developmental process (biological_process)'; GO:0048856: 'anatomical structure development (biological_process)'; GO:0071704: 'organic substance metabolic process (biological_process)'; GO:0022414: 'reproductive process (biological_process)'; GO:1901576: 'organic substance biosynthetic process (biological_process)'; GO:0043170: 'macromolecule metabolic process (biological_process)'; GO:0008150: 'biological_process (biological_process)'; GO:0048367: 'shoot system development (biological_process)'; GO:0032501: 'multicellular organismal process (biological_process)'; GO:0090567: 'reproductive shoot system development (biological_process)'; GO:0009908: 'flower development (biological_process)'; GO:0016311: 'dephosphorylation (biological_process)'; GO:0006793: 'phosphorus metabolic process (biological_process)'; GO:0009059: 'macromolecule biosynthetic process (biological_process)'; GO:0044237: 'cellular metabolic process (biological_process)'; GO:0048608: 'reproductive structure development (biological_process)',GO:0005575: 'cellular_component (cellular_component)'; GO:0016020: 'membrane (cellular_component)',glycerol-3-phosphate,GO:0003674;GO:0008150;GO:0016020;GO:0005575;GO:0003824;GO:0016740;GO:0071704;GO:0044237;GO:0008152;GO:0043170;GO:0009987;GO:0009058;GO:0009059;GO:1901576;GO:0016787;GO:0006796;GO:0006793;GO:0032502;GO:0048856;GO:0032501;GO:0007275;GO:0048731;GO:0048608;GO:0022414;GO:0009791;GO:0003006;GO:0061458;GO:0000003;GO:0090567;GO:0048367;GO:0009908;GO:0016788;GO:0016791;GO:0042578;GO:0016311;GO:0016747;GO:0016746;GO:0008374;GO:0090447;GO:0010143,"GO_MF:molecular_function;GO_BP:biological_process;GO_CC:membrane;GO_CC:cellular_component;GO_MF:catalytic activity;GO_MF:transferase activity;GO_BP:organic substance metabolic process;GO_BP:cellular metabolic process;GO_BP:metabolic process;GO_BP:macromolecule metabolic process;GO_BP:cellular process;GO_BP:biosynthetic process;GO_BP:macromolecule biosynthetic process;GO_BP:organic substance biosynthetic process;GO_MF:hydrolase activity;GO_BP:phosphate-containing compound metabolic process;GO_BP:phosphorus metabolic process;GO_BP:developmental process;GO_BP:anatomical structure development;GO_BP:multicellular organismal process;GO_BP:multicellular organism development;GO_BP:system development;GO_BP:reproductive structure development;GO_BP:reproductive process;GO_BP:post-embryonic development;GO_BP:developmental process involved in reproduction;GO_BP:reproductive system development;GO_BP:obsolete reproduction;GO_BP:reproductive shoot system development;GO_BP:shoot system development;GO_BP:flower development;GO_MF:hydrolase activity, acting on ester bonds;GO_MF:phosphatase activity;GO_MF:phosphoric ester hydrolase activity;GO_BP:dephosphorylation;GO_MF:acyltransferase activity, transferring groups other than amino-acyl groups;GO_MF:acyltransferase activity;GO_MF:O-acyltransferase activity;GO_MF:glycerol-3-phosphate 2-O-acyltransferase activity;GO_BP:cutin biosynthetic process",GO:0090447;GO:0010143;GO:0016020;GO:0016791,Vitvi05_01chr08g15780_t001_CDS1.prot,XP_002279091.1glycerol-3-phosphate 2-O-acyltransferase 6,EC:2.3.1.198;EC:3.1.3,GO:0010143;GO:0016020;GO:0016791;GO:0090447,4,noIPR;noIPR;IPR002123;noIPR;IPR002123;IPR023214;noIPR;noIPR;noIPR;IPR036412,;;GO:0016746;;GO:0016746;;GO:0090447/GO:0016791/GO:0010143/GO:0016020;;;
Vitvi05_01chr04g00260,Vitvi05_01chr04g00260,417.90294113114,-1.11225362126693,0.246582490910003,-4.51067558431338,6.46214860967293e-6,0.0268880584590779,chr04,245592,247292,NA,"PF00069 ('Protein kinase domain-Protein kinase domain', '1.3E-4', 'Pfam')","PTHR47989 ('OS01G0750732 PROTEIN-Innate Immune Response and Plant Defense Kinases', '7.3E-31', 'PANTHER')","SSF56112 ('Protein kinase-like (PK-like)-Protein kinase-like domain superfamily', '1.93E-17', 'SUPERFAMILY'); G3DSA:1.10.510.10 ('Transferase(Phosphotransferase) domain 1', '5.6E-27', 'Gene3D'); PS50011 ('Protein kinase domain profile.-Protein kinase domain', '9.743286', 'ProSiteProfiles')",NA,NA,NA,Belongs to the protein kinase superfamily. Ser Thr protein kinase family,NA,NA,GO:0005524;GO:0004672;GO:0006468,Vitvi05_01chr04g00260_t001_CDS1.prot,RVW79183.1MDIS1-interacting receptor like kinase 1,EC:2.7.1,GO:0004672;GO:0005524;GO:0006468,3,IPR000719;noIPR;IPR050885;IPR000719;IPR011009,GO:0005524/GO:0006468/GO:0004672;;;GO:0005524/GO:0006468/GO:0004672;
Vitvi05_01chr04g00270,Vitvi05_01chr04g00270,820.519599041584,-1.06331750511898,0.23644439635889,-4.49711442306717,6.88819225286997e-6,0.0268880584590779,chr04,246188,247911,50.2.7: 'EC_2-7 transferase transferring phosphorus-containing group',"PF00069 ('Protein kinase domain-Protein kinase domain', '4.6E-14', 'Pfam'); PF07714 ('Protein tyrosine and serine/threonine kinase-Serine-threonine/tyrosine-protein kinase, catalytic domain', '0.063', 'Pfam'); PF00069 ('Protein kinase domain-Protein kinase domain', '5.4E-19', 'Pfam')","PTHR47989 ('OS01G0750732 PROTEIN-Innate Immune Response and Plant Defense Kinases', '7.2E-99', 'PANTHER'); PTHR48005 ('LEUCINE RICH REPEAT KINASE 2-Ser/Thr Protein Kinases with Diverse Regulatory Roles', '8.8E-14', 'PANTHER')","SSF56112 ('Protein kinase-like (PK-like)-Protein kinase-like domain superfamily', '4.86E-36', 'SUPERFAMILY'); G3DSA:1.10.510.10:FF:000240 ('Lectin-domain containing receptor kinase A4.3', '4.1E-43', 'FunFam'); G3DSA:1.10.510.10 ('Transferase(Phosphotransferase) domain 1', '1.6E-44', 'Gene3D'); G3DSA:1.10.510.10 ('Transferase(Phosphotransferase) domain 1', '4.5E-26', 'Gene3D'); SM00220 ('serkin_6-Protein kinase domain', '6.7E-6', 'SMART'); PS50011 ('Protein kinase domain profile.-Protein kinase domain', '9.771554', 'ProSiteProfiles'); PS50011 ('Protein kinase domain profile.-Protein kinase domain', '21.248362', 'ProSiteProfiles'); SSF56112 ('Protein kinase-like (PK-like)-Protein kinase-like domain superfamily', '8.76E-11', 'SUPERFAMILY'); SSF56112 ('Protein kinase-like (PK-like)-Protein kinase-like domain superfamily', '1.35E-25', 'SUPERFAMILY'); SSF56112 ('Protein kinase-like (PK-like)-Protein kinase-like domain superfamily', '7.72E-13', 'SUPERFAMILY'); G3DSA:1.10.510.10 ('Transferase(Phosphotransferase) domain 1', '9.6E-13', 'Gene3D'); G3DSA:1.10.510.10 ('Transferase(Phosphotransferase) domain 1', '1.0E-10', 'Gene3D')",NA,NA,NA,Belongs to the protein kinase superfamily. Ser Thr protein kinase family,NA,NA,GO:0016020;GO:0004672;GO:0005524;GO:0006468,Vitvi05_01chr04g00270_t002_CDS1.prot;Vitvi05_01chr04g00270_t001_CDS1.prot,RVW79184.1Leucine-rich repeat receptor-like serine/threonine-protein kinase BAM1,EC:2.7.1,GO:0004672;GO:0005524;GO:0006468;GO:0016020;GO:0004672;GO:0005524;GO:0006468,4;3,IPR001245;noIPR;IPR051420;IPR000719;IPR011009;noIPR;noIPR;IPR000719;IPR000719;noIPR;noIPR;noIPR;noIPR;noIPR;noIPR;noIPR;noIPR;noIPR;noIPR;noIPR;noIPR;noIPR;noIPR;noIPR;noIPR;noIPR;noIPR;noIPR;noIPR;noIPR;noIPR;noIPR;noIPR;noIPR;noIPR;noIPR;noIPR;noIPR;noIPR;noIPR;noIPR;noIPR;noIPR;noIPR;noIPR;noIPR;noIPR;noIPR;noIPR;noIPR;noIPR;noIPR;noIPR;IPR050885;IPR000719;IPR011009;IPR011009;IPR011009,GO:0006468/GO:0004672;;;GO:0005524/GO:0006468/GO:0004672;;;;GO:0005524/GO:0006468/GO:0004672;GO:0005524/GO:0006468/GO:0004672;;;;;;;;;;;;;;;;;;;;;;;;;;;;;;;;;;;;;;;;;;;;;;GO:0005524/GO:0006468/GO:0004672;;;
Vitvi05_01chr04g00250,Vitvi05_01chr04g00250,2244.29500940758,-1.06909306053415,0.241333380897444,-4.42994274790549,9.42581086021615e-6,0.0275952395196403,chr04,242434,245554,11.11.1.14.2: 'SCREW peptide receptor *(NUT)'; 18.4.1.15: 'LRR-XV protein kinase'; 50.2.7: 'EC_2-7 transferase transferring phosphorus-containing group',"PF00560 ('Leucine Rich Repeat-Leucine-rich repeat', '450.0', 'Pfam'); PF00560 ('Leucine Rich Repeat-Leucine-rich repeat', '3500.0', 'Pfam'); PF08263 ('Leucine rich repeat N-terminal domain-Leucine-rich repeat-containing N-terminal, plant-type', '3.2E-5', 'Pfam'); PF00560 ('Leucine Rich Repeat-Leucine-rich repeat', '580.0', 'Pfam'); PF00560 ('Leucine Rich Repeat-Leucine-rich repeat', '500.0', 'Pfam'); PF00069 ('Protein kinase domain-Protein kinase domain', '5.8E-42', 'Pfam'); PF13855 ('Leucine rich repeat-Leucine-rich repeat', '9.4E-5', 'Pfam'); PF00560 ('Leucine Rich Repeat-Leucine-rich repeat', '75.0', 'Pfam'); PF00560 ('Leucine Rich Repeat-Leucine-rich repeat', '1600.0', 'Pfam')","PTHR48054 ('RECEPTOR KINASE-LIKE PROTEIN XA21-LRR Receptor-like Kinase', '0.0', 'PANTHER')","PS51450 ('Leucine-rich repeat profile.-Leucine-rich repeat', '7.496336', 'ProSiteProfiles'); SSF52058 ('L domain-like', '2.79E-54', 'SUPERFAMILY'); SM00369 ('LRR_typ_2-Leucine-rich repeat, typical subtype', '170.0', 'SMART'); SSF56112 ('Protein kinase-like (PK-like)-Protein kinase-like domain superfamily', '3.78E-71', 'SUPERFAMILY'); PS00108 ('Serine/Threonine protein kinases active-site signature.-Serine/threonine-protein kinase, active site', '-', 'ProSitePatterns'); G3DSA:3.80.10.10 ('Ribonuclease Inhibitor-Leucine-rich repeat domain superfamily', '2.0E-43', 'Gene3D'); G3DSA:3.80.10.10:FF:000548 ('Receptor-like protein kinase HSL1', '6.5E-78', 'FunFam'); SM00220 ('serkin_6-Protein kinase domain', '8.7E-27', 'SMART'); G3DSA:3.80.10.10 ('Ribonuclease Inhibitor-Leucine-rich repeat domain superfamily', '1.2E-11', 'Gene3D'); G3DSA:3.80.10.10 ('Ribonuclease Inhibitor-Leucine-rich repeat domain superfamily', '4.1E-42', 'Gene3D'); SM00369 ('LRR_typ_2-Leucine-rich repeat, typical subtype', '8.5', 'SMART'); SM00369 ('LRR_typ_2-Leucine-rich repeat, typical subtype', '63.0', 'SMART'); G3DSA:3.80.10.10:FF:002652 ('Uncharacterized protein', '2.7E-55', 'FunFam'); SM00369 ('LRR_typ_2-Leucine-rich repeat, typical subtype', '120.0', 'SMART'); G3DSA:3.80.10.10 ('Ribonuclease Inhibitor-Leucine-rich repeat domain superfamily', '3.1E-44', 'Gene3D'); G3DSA:1.10.510.10 ('Transferase(Phosphotransferase) domain 1', '3.6E-62', 'Gene3D'); PS00107 ('Protein kinases ATP-binding region signature.-Protein kinase, ATP binding site', '-', 'ProSitePatterns'); SM00369 ('LRR_typ_2-Leucine-rich repeat, typical subtype', '18.0', 'SMART'); SM00369 ('LRR_typ_2-Leucine-rich repeat, typical subtype', '150.0', 'SMART'); G3DSA:3.80.10.10:FF:001675 ('Uncharacterized protein', '0.0', 'FunFam'); PS50011 ('Protein kinase domain profile.-Protein kinase domain', '36.484814', 'ProSiteProfiles'); G3DSA:3.30.200.20 ('Phosphorylase Kinase; domain 1', '1.7E-14', 'Gene3D'); G3DSA:1.10.510.10:FF:000714 ('Kinase family with leucine-rich repeat domain-containing protein', '2.4E-112', 'FunFam'); G3DSA:3.30.200.20:FF:000512 ('Receptor-like protein kinase HSL1', '2.6E-43', 'FunFam'); SSF52058 ('L domain-like', '6.8E-41', 'SUPERFAMILY')",NA,NA,NA,Belongs to the protein kinase superfamily. Ser Thr protein kinase family,NA,NA,GO:0016020;GO:0004672;GO:0005515;GO:0005524;GO:0006468,Vitvi05_01chr04g00250_t001_CDS1.prot,XP_059592105.1receptor-like protein kinase HSL1,EC:2.7.1,GO:0004672;GO:0005515;GO:0005524;GO:0006468;GO:0016020,5,noIPR;noIPR;noIPR;noIPR;noIPR;IPR000719;IPR003591;IPR032675;IPR001611;noIPR;IPR013210;noIPR;IPR032675;IPR032675;IPR000719;IPR001611;noIPR;noIPR;noIPR;noIPR;noIPR;noIPR;noIPR;noIPR;noIPR;noIPR;noIPR;noIPR;noIPR;noIPR;noIPR;noIPR;noIPR;noIPR;noIPR;noIPR;noIPR;noIPR;noIPR;noIPR;noIPR;noIPR;noIPR;noIPR;noIPR;noIPR;noIPR;noIPR;noIPR;noIPR;noIPR;noIPR;noIPR;noIPR;noIPR;noIPR;noIPR;noIPR;noIPR;noIPR;noIPR;noIPR;noIPR;noIPR;noIPR;noIPR;noIPR;noIPR;noIPR;noIPR;noIPR;noIPR;noIPR;noIPR;noIPR;noIPR;noIPR;noIPR;noIPR;noIPR;noIPR;noIPR;noIPR;noIPR;noIPR;noIPR;noIPR;noIPR;IPR052592;IPR017441;IPR008271;IPR000719;IPR001611;noIPR;noIPR;IPR011009,;;;;;GO:0005524/GO:0006468/GO:0004672;;;GO:0005515;;;;;;GO:0005524/GO:0006468/GO:0004672;GO:0005515;;;;;;;;;;;;;;;;;;;;;;;;;;;;;;;;;;;;;;;;;;;;;;;;;;;;;;;;;;;;;;;;;;;;;;;;;;GO:0005524;GO:0006468/GO:0004672;GO:0005524/GO:0006468/GO:0004672;GO:0005515;;;
Vitvi05_01chr13g10860,Vitvi05_01chr13g10860,3595.9093869817402,-0.675994330070793,0.151945361017804,-4.44893036248461,8.62989883026955e-6,0.0275952395196403,chr13,8541344,8557447,14.6.4: 'bifunctional DNA glycosylase/lyase *(ROS1)'; 12.5.3.1: 'methylcytosine-specific DNA glycosylase *(ROS1)',"PF15629 ('Permuted single zf-CXXC unit-Permuted single zf-CXXC unit', '4.7E-13', 'Pfam'); PF15628 ('RRM in Demeter-Demeter, RRM-fold domain', '5.6E-49', 'Pfam')","PTHR46213 ('TRANSCRIPTIONAL ACTIVATOR DEMETER-DNA glycosylase, plant', '0.0', 'PANTHER')","SM00525 ('ccc3-Endonuclease III-like, iron-sulphur cluster loop motif', '0.003', 'SMART'); SM00478 ('endo3end-HhH-GPD domain', '1.3E-4', 'SMART'); SSF48150 ('DNA-glycosylase-DNA glycosylase', '1.48E-39', 'SUPERFAMILY'); G3DSA:1.10.1670.10:FF:000004 ('DNA glycosylase/AP lyase ROS1', '2.8E-69', 'FunFam'); G3DSA:1.10.1670.10 ('Helix-hairpin-helix, base-excision DNA repair, C-terminal', '6.3E-32', 'Gene3D'); cd00056 ('ENDO3c-HhH-GPD domain', '3.7478E-14', 'CDD')","GO:0140097: 'catalytic activity, acting on DNA (molecular_function)'; GO:0016799: 'hydrolase activity, hydrolyzing N-glycosyl compounds (molecular_function)'; GO:0003824: 'catalytic activity (molecular_function)'; GO:0003674: 'molecular_function (molecular_function)'; GO:0019104: 'DNA N-glycosylase activity (molecular_function)'; GO:0016787: 'hydrolase activity (molecular_function)'; GO:0016798: 'hydrolase activity, acting on glycosyl bonds (molecular_function)'; GO:0003906: 'DNA-(apurinic or apyrimidinic site) endonuclease activity (molecular_function)'",GO:0061458: 'reproductive system development (biological_process)'; GO:0008152: 'metabolic process (biological_process)'; GO:0090304: 'nucleic acid metabolic process (biological_process)'; GO:0006305: 'obsolete DNA alkylation (biological_process)'; GO:0006304: 'DNA modification (biological_process)'; GO:0006349: 'obsolete regulation of gene expression by genomic imprinting (biological_process)'; GO:0003006: 'developmental process involved in reproduction (biological_process)'; GO:0044238: 'primary metabolic process (biological_process)'; GO:0010154: 'fruit development (biological_process)'; GO:0034641: 'obsolete cellular nitrogen compound metabolic process (biological_process)'; GO:0044260: 'obsolete cellular macromolecule metabolic process (biological_process)'; GO:0000003: 'obsolete reproduction (biological_process)'; GO:0006259: 'DNA metabolic process (biological_process)'; GO:0009791: 'post-embryonic development (biological_process)'; GO:0048731: 'system development (biological_process)'; GO:0006306: 'obsolete DNA methylation (biological_process)'; GO:0009790: 'embryo development (biological_process)'; GO:0007275: 'multicellular organism development (biological_process)'; GO:0009987: 'cellular process (biological_process)'; GO:0032502: 'developmental process (biological_process)'; GO:0048856: 'anatomical structure development (biological_process)'; GO:0071704: 'organic substance metabolic process (biological_process)'; GO:0022414: 'reproductive process (biological_process)'; GO:0043414: 'macromolecule methylation (biological_process)'; GO:0032259: 'methylation (biological_process)'; GO:0040029: 'epigenetic regulation of gene expression (biological_process)'; GO:0046483: 'obsolete heterocycle metabolic process (biological_process)'; GO:0043170: 'macromolecule metabolic process (biological_process)'; GO:0048316: 'seed development (biological_process)'; GO:0019222: 'regulation of metabolic process (biological_process)'; GO:0071514: 'genomic imprinting (biological_process)'; GO:0044728: 'obsolete DNA methylation or demethylation (biological_process)'; GO:0065007: 'biological regulation (biological_process)'; GO:0008150: 'biological_process (biological_process)'; GO:0006139: 'nucleobase-containing compound metabolic process (biological_process)'; GO:0009793: 'embryo development ending in seed dormancy (biological_process)'; GO:0010468: 'regulation of gene expression (biological_process)'; GO:0032501: 'multicellular organismal process (biological_process)'; GO:1901360: 'organic cyclic compound metabolic process (biological_process)'; GO:0060255: 'regulation of macromolecule metabolic process (biological_process)'; GO:0043412: 'macromolecule modification (biological_process)'; GO:0006725: 'obsolete cellular aromatic compound metabolic process (biological_process)'; GO:0006807: 'obsolete nitrogen compound metabolic process (biological_process)'; GO:0044237: 'cellular metabolic process (biological_process)'; GO:0050789: 'regulation of biological process (biological_process)'; GO:0048608: 'reproductive structure development (biological_process)',GO:0005622: 'intracellular anatomical structure (cellular_component)'; GO:0043076: 'megasporocyte nucleus (cellular_component)'; GO:0005623: 'obsolete cell (cellular_component)'; GO:0043231: 'intracellular membrane-bounded organelle (cellular_component)'; GO:0044424: 'obsolete intracellular part (cellular_component)'; GO:0044464: 'obsolete cell part (cellular_component)'; GO:0043078: 'polar nucleus (cellular_component)'; GO:0043227: 'membrane-bounded organelle (cellular_component)'; GO:0043229: 'intracellular organelle (cellular_component)'; GO:0005575: 'cellular_component (cellular_component)'; GO:0043226: 'organelle (cellular_component)'; GO:0005634: 'nucleus (cellular_component)',",transcriptional activator",GO:0003674;GO:0019222;GO:0065007;GO:0010468;GO:0008150;GO:0060255;GO:0050789;GO:0005623;GO:0043231;GO:0043229;GO:0044464;GO:0043227;GO:0044424;GO:0043226;GO:0005622;GO:0005575;GO:0003824;GO:0044238;GO:0090304;GO:0071704;GO:0044237;GO:0008152;GO:0006725;GO:0043170;GO:0046483;GO:0009987;GO:0034641;GO:0006807;GO:0006139;GO:1901360;GO:0044260;GO:0016787;GO:0032502;GO:0005634;GO:0048856;GO:0032501;GO:0007275;GO:0043412;GO:0048731;GO:0010154;GO:0048608;GO:0022414;GO:0009791;GO:0003006;GO:0048316;GO:0009793;GO:0009790;GO:0061458;GO:0000003;GO:0016798;GO:0032259;GO:0140097;GO:0006259;GO:0043414;GO:0040029;GO:0016799;GO:0019104;GO:0006304;GO:0006305;GO:0044728;GO:0006306;GO:0003906;GO:0043078;GO:0043076;GO:0006349;GO:0071514,"GO_MF:molecular_function;GO_BP:regulation of metabolic process;GO_BP:biological regulation;GO_BP:regulation of gene expression;GO_BP:biological_process;GO_BP:regulation of macromolecule metabolic process;GO_BP:regulation of biological process;GO_CC:obsolete cell;GO_CC:intracellular membrane-bounded organelle;GO_CC:intracellular organelle;GO_CC:obsolete cell part;GO_CC:membrane-bounded organelle;GO_CC:obsolete intracellular part;GO_CC:organelle;GO_CC:intracellular anatomical structure;GO_CC:cellular_component;GO_MF:catalytic activity;GO_BP:primary metabolic process;GO_BP:nucleic acid metabolic process;GO_BP:organic substance metabolic process;GO_BP:cellular metabolic process;GO_BP:metabolic process;GO_BP:obsolete cellular aromatic compound metabolic process;GO_BP:macromolecule metabolic process;GO_BP:obsolete heterocycle metabolic process;GO_BP:cellular process;GO_BP:obsolete cellular nitrogen compound metabolic process;GO_BP:obsolete nitrogen compound metabolic process;GO_BP:nucleobase-containing compound metabolic process;GO_BP:organic cyclic compound metabolic process;GO_BP:obsolete cellular macromolecule metabolic process;GO_MF:hydrolase activity;GO_BP:developmental process;GO_CC:nucleus;GO_BP:anatomical structure development;GO_BP:multicellular organismal process;GO_BP:multicellular organism development;GO_BP:macromolecule modification;GO_BP:system development;GO_BP:fruit development;GO_BP:reproductive structure development;GO_BP:reproductive process;GO_BP:post-embryonic development;GO_BP:developmental process involved in reproduction;GO_BP:seed development;GO_BP:embryo development ending in seed dormancy;GO_BP:embryo development;GO_BP:reproductive system development;GO_BP:obsolete reproduction;GO_MF:hydrolase activity, acting on glycosyl bonds;GO_BP:methylation;GO_MF:catalytic activity, acting on DNA;GO_BP:DNA metabolic process;GO_BP:macromolecule methylation;GO_BP:epigenetic regulation of gene expression;GO_MF:hydrolase activity, hydrolyzing N-glycosyl compounds;GO_MF:DNA N-glycosylase activity;GO_BP:DNA modification;GO_BP:obsolete DNA alkylation;GO_BP:obsolete DNA methylation or demethylation;GO_BP:obsolete DNA methylation;GO_MF:DNA-(apurinic or apyrimidinic site) endonuclease activity;GO_CC:polar nucleus;GO_CC:megasporocyte nucleus;GO_BP:obsolete regulation of gene expression by genomic imprinting;GO_BP:genomic imprinting",GO:0006284;GO:0035514;GO:0019104;GO:0051539;GO:0141166,Vitvi05_01chr13g10860_t001_CDS1.prot,XP_002267310.1transcriptional activator DEMETER isoform X2,EC:3.2.2,GO:0006284;GO:0019104;GO:0035514;GO:0051539;GO:0141166,5,noIPR;IPR003651;IPR003265;IPR028925;IPR023170;IPR028924;noIPR;noIPR;noIPR;noIPR;noIPR;noIPR;noIPR;noIPR;noIPR;IPR044811;IPR003265;IPR011257,;GO:0051539;GO:0006284;;;;;;;;;;;;;GO:0035514/GO:0019104/GO:0141166;GO:0006284;GO:0003824/GO:0006281
Vitvi05_01chr12g14900,Vitvi05_01chr12g14900,43.8543148333061,-0.731194716943795,0.171926930022963,-4.25293883189873,2.10983221434721e-5,0.0449221639020236,chr12,14983472,14984525,NA,NA,NA,NA,NA,NA,NA,NA,NA,NA,NA,NA,NA,NA,NA,NA,NA,NA
Vitvi05_01chr01g21970,Vitvi05_01chr01g21970,25.0421287207742,-1.18250619128614,0.281436141060373,-4.20168563579215,2.64934867905393e-5,0.0495499353231875,chr01,24976269,24980376,NA,"PF13855 ('Leucine rich repeat-Leucine-rich repeat', '2.8E-5', 'Pfam'); PF00560 ('Leucine Rich Repeat-Leucine-rich repeat', '620.0', 'Pfam'); PF00560 ('Leucine Rich Repeat-Leucine-rich repeat', '750.0', 'Pfam'); PF08263 ('Leucine rich repeat N-terminal domain-Leucine-rich repeat-containing N-terminal, plant-type', '1.3E-9', 'Pfam'); PF13855 ('Leucine rich repeat-Leucine-rich repeat', '1.1E-4', 'Pfam'); PF00560 ('Leucine Rich Repeat-Leucine-rich repeat', '2000.0', 'Pfam'); PF13855 ('Leucine rich repeat-Leucine-rich repeat', '2.7E-5', 'Pfam'); PF13855 ('Leucine rich repeat-Leucine-rich repeat', '1.2E-4', 'Pfam'); PF00560 ('Leucine Rich Repeat-Leucine-rich repeat', '510.0', 'Pfam'); PF00560 ('Leucine Rich Repeat-Leucine-rich repeat', '1900.0', 'Pfam'); PF00560 ('Leucine Rich Repeat-Leucine-rich repeat', '410.0', 'Pfam'); PF00560 ('Leucine Rich Repeat-Leucine-rich repeat', '2500.0', 'Pfam'); PF00560 ('Leucine Rich Repeat-Leucine-rich repeat', '250.0', 'Pfam'); PF13516 ('Leucine Rich repeat-Leucine-rich repeat', '3400.0', 'Pfam'); PF00560 ('Leucine Rich Repeat-Leucine-rich repeat', '600.0', 'Pfam'); PF00560 ('Leucine Rich Repeat-Leucine-rich repeat', '530.0', 'Pfam'); PF13516 ('Leucine Rich repeat-Leucine-rich repeat', '1900.0', 'Pfam'); PF00560 ('Leucine Rich Repeat-Leucine-rich repeat', '400.0', 'Pfam'); PF00560 ('Leucine Rich Repeat-Leucine-rich repeat', '780.0', 'Pfam'); PF00560 ('Leucine Rich Repeat-Leucine-rich repeat', '240.0', 'Pfam'); PF00560 ('Leucine Rich Repeat-Leucine-rich repeat', '360.0', 'Pfam'); PF00560 ('Leucine Rich Repeat-Leucine-rich repeat', '370.0', 'Pfam'); PF00560 ('Leucine Rich Repeat-Leucine-rich repeat', '2600.0', 'Pfam'); PF13516 ('Leucine Rich repeat-Leucine-rich repeat', '1800.0', 'Pfam'); PF13516 ('Leucine Rich repeat-Leucine-rich repeat', '3500.0', 'Pfam')","PTHR48063 ('LRR RECEPTOR-LIKE KINASE-Receptor-like EIX Recognition', '0.0', 'PANTHER'); PTHR48063 ('LRR RECEPTOR-LIKE KINASE-Receptor-like EIX Recognition', '2.2E-254', 'PANTHER')","SSF52058 ('L domain-like', '1.59E-39', 'SUPERFAMILY'); SM00369 ('LRR_typ_2-Leucine-rich repeat, typical subtype', '28.0', 'SMART'); SSF52058 ('L domain-like', '6.29E-38', 'SUPERFAMILY'); G3DSA:3.80.10.10:FF:000041 ('LRR receptor-like serine/threonine-protein kinase ERECTA', '3.2E-20', 'FunFam'); G3DSA:3.80.10.10 ('Ribonuclease Inhibitor-Leucine-rich repeat domain superfamily', '9.1E-45', 'Gene3D'); G3DSA:3.80.10.10 ('Ribonuclease Inhibitor-Leucine-rich repeat domain superfamily', '1.2E-16', 'Gene3D'); G3DSA:3.80.10.10:FF:000383 ('Leucine-rich repeat receptor protein kinase EMS1', '1.9E-23', 'FunFam'); G3DSA:3.80.10.10:FF:000041 ('LRR receptor-like serine/threonine-protein kinase ERECTA', '3.1E-20', 'FunFam'); SSF52058 ('L domain-like', '1.33E-37', 'SUPERFAMILY'); SM00369 ('LRR_typ_2-Leucine-rich repeat, typical subtype', '130.0', 'SMART'); G3DSA:3.80.10.10:FF:000111 ('LRR receptor-like serine/threonine-protein kinase ERECTA', '1.5E-32', 'FunFam'); G3DSA:3.80.10.10 ('Ribonuclease Inhibitor-Leucine-rich repeat domain superfamily', '8.3E-12', 'Gene3D'); SM00369 ('LRR_typ_2-Leucine-rich repeat, typical subtype', '63.0', 'SMART'); G3DSA:3.80.10.10:FF:000111 ('LRR receptor-like serine/threonine-protein kinase ERECTA', '1.4E-32', 'FunFam'); SSF52058 ('L domain-like', '1.81E-55', 'SUPERFAMILY'); G3DSA:3.80.10.10 ('Ribonuclease Inhibitor-Leucine-rich repeat domain superfamily', '1.0E-14', 'Gene3D'); G3DSA:3.80.10.10 ('Ribonuclease Inhibitor-Leucine-rich repeat domain superfamily', '8.4E-20', 'Gene3D'); G3DSA:3.80.10.10:FF:000041 ('LRR receptor-like serine/threonine-protein kinase ERECTA', '7.9E-19', 'FunFam'); SM00369 ('LRR_typ_2-Leucine-rich repeat, typical subtype', '58.0', 'SMART'); SM00369 ('LRR_typ_2-Leucine-rich repeat, typical subtype', '22.0', 'SMART'); G3DSA:3.80.10.10 ('Ribonuclease Inhibitor-Leucine-rich repeat domain superfamily', '1.3E-12', 'Gene3D'); G3DSA:3.80.10.10 ('Ribonuclease Inhibitor-Leucine-rich repeat domain superfamily', '2.2E-87', 'Gene3D'); SM00369 ('LRR_typ_2-Leucine-rich repeat, typical subtype', '40.0', 'SMART'); G3DSA:3.80.10.10:FF:000095 ('LRR receptor-like serine/threonine-protein kinase GSO1', '3.5E-50', 'FunFam'); G3DSA:3.80.10.10 ('Ribonuclease Inhibitor-Leucine-rich repeat domain superfamily', '2.2E-32', 'Gene3D'); SM00369 ('LRR_typ_2-Leucine-rich repeat, typical subtype', '75.0', 'SMART'); G3DSA:3.80.10.10 ('Ribonuclease Inhibitor-Leucine-rich repeat domain superfamily', '4.5E-86', 'Gene3D'); G3DSA:3.80.10.10 ('Ribonuclease Inhibitor-Leucine-rich repeat domain superfamily', '4.4E-50', 'Gene3D'); SSF52058 ('L domain-like', '3.4E-56', 'SUPERFAMILY'); SM00369 ('LRR_typ_2-Leucine-rich repeat, typical subtype', '41.0', 'SMART'); SSF52058 ('L domain-like', '1.29E-39', 'SUPERFAMILY')","GO:0016301: 'kinase activity (molecular_function)'; GO:0060089: 'molecular transducer activity (molecular_function)'; GO:0140096: 'catalytic activity, acting on a protein (molecular_function)'; GO:0016772: 'transferase activity, transferring phosphorus-containing groups (molecular_function)'; GO:0004888: 'transmembrane signaling receptor activity (molecular_function)'; GO:0019199: 'transmembrane receptor protein kinase activity (molecular_function)'; GO:0003824: 'catalytic activity (molecular_function)'; GO:0004674: 'protein serine/threonine kinase activity (molecular_function)'; GO:0004672: 'protein kinase activity (molecular_function)'; GO:0003674: 'molecular_function (molecular_function)'; GO:0016740: 'transferase activity (molecular_function)'; GO:0038023: 'signaling receptor activity (molecular_function)'; GO:0016773: 'phosphotransferase activity, alcohol group as acceptor (molecular_function)'; GO:0004675: 'transmembrane receptor protein serine/threonine kinase activity (molecular_function)'",GO:0008152: 'metabolic process (biological_process)'; GO:0009755: 'hormone-mediated signaling pathway (biological_process)'; GO:0009741: 'response to brassinosteroid (biological_process)'; GO:0009725: 'response to hormone (biological_process)'; GO:0010305: 'leaf vascular tissue pattern formation (biological_process)'; GO:0014070: 'response to organic cyclic compound (biological_process)'; GO:0019538: 'protein metabolic process (biological_process)'; GO:0010233: 'phloem transport (biological_process)'; GO:0071365: 'cellular response to auxin stimulus (biological_process)'; GO:0007167: 'enzyme-linked receptor protein signaling pathway (biological_process)'; GO:1901564: 'organonitrogen compound metabolic process (biological_process)'; GO:0006796: 'phosphate-containing compound metabolic process (biological_process)'; GO:0023052: 'signaling (biological_process)'; GO:1901700: 'response to oxygen-containing compound (biological_process)'; GO:0010232: 'vascular transport (biological_process)'; GO:0070887: 'cellular response to chemical stimulus (biological_process)'; GO:0044238: 'primary metabolic process (biological_process)'; GO:0071396: 'cellular response to lipid (biological_process)'; GO:0050896: 'response to stimulus (biological_process)'; GO:0044260: 'obsolete cellular macromolecule metabolic process (biological_process)'; GO:0036211: 'protein modification process (biological_process)'; GO:0007154: 'cell communication (biological_process)'; GO:0032870: 'cellular response to hormone stimulus (biological_process)'; GO:0071367: 'cellular response to brassinosteroid stimulus (biological_process)'; GO:0051716: 'cellular response to stimulus (biological_process)'; GO:0042221: 'response to chemical (biological_process)'; GO:0016310: 'phosphorylation (biological_process)'; GO:0003002: 'regionalization (biological_process)'; GO:0071383: 'cellular response to steroid hormone stimulus (biological_process)'; GO:0051179: 'localization (biological_process)'; GO:0007275: 'multicellular organism development (biological_process)'; GO:0050794: 'regulation of cellular process (biological_process)'; GO:0006810: 'transport (biological_process)'; GO:0032502: 'developmental process (biological_process)'; GO:0009733: 'response to auxin (biological_process)'; GO:0009987: 'cellular process (biological_process)'; GO:0071704: 'organic substance metabolic process (biological_process)'; GO:0010051: 'xylem and phloem pattern formation (biological_process)'; GO:0071310: 'cellular response to organic substance (biological_process)'; GO:0048856: 'anatomical structure development (biological_process)'; GO:0009742: 'brassinosteroid mediated signaling pathway (biological_process)'; GO:0007166: 'cell surface receptor signaling pathway (biological_process)'; GO:0010033: 'response to organic substance (biological_process)'; GO:1901701: 'cellular response to oxygen-containing compound (biological_process)'; GO:0007165: 'signal transduction (biological_process)'; GO:0043170: 'macromolecule metabolic process (biological_process)'; GO:0006468: 'protein phosphorylation (biological_process)'; GO:0071407: 'cellular response to organic cyclic compound (biological_process)'; GO:0071495: 'cellular response to endogenous stimulus (biological_process)'; GO:0009719: 'response to endogenous stimulus (biological_process)'; GO:0065007: 'biological regulation (biological_process)'; GO:0033993: 'response to lipid (biological_process)'; GO:0051234: 'establishment of localization (biological_process)'; GO:0008150: 'biological_process (biological_process)'; GO:0050789: 'regulation of biological process (biological_process)'; GO:0007389: 'pattern specification process (biological_process)'; GO:0032501: 'multicellular organismal process (biological_process)'; GO:0007178: 'cell surface receptor protein serine/threonine kinase signaling pathway (biological_process)'; GO:0043412: 'macromolecule modification (biological_process)'; GO:0043401: 'steroid hormone mediated signaling pathway (biological_process)'; GO:0006793: 'phosphorus metabolic process (biological_process)'; GO:0006807: 'obsolete nitrogen compound metabolic process (biological_process)'; GO:0044237: 'cellular metabolic process (biological_process)'; GO:0009734: 'auxin-activated signaling pathway (biological_process)'; GO:0048545: 'response to steroid hormone (biological_process)',NA,Receptor-like protein,NA,NA,GO:0005515;GO:0016020;GO:0016301,Vitvi05_01chr01g21970_t002_CDS1.prot;Vitvi05_01chr01g21970_t001_CDS1.prot,XP_019077517.1receptor-like protein 46,EC:2.7,GO:0005515;GO:0005515;GO:0016020;GO:0016301,1;3,noIPR;noIPR;noIPR;IPR003591;IPR032675;IPR032675;IPR001611;IPR032675;IPR001611;IPR001611;IPR013210;IPR032675;IPR032675;IPR052938;noIPR;noIPR;noIPR;noIPR;noIPR;noIPR;noIPR;IPR003591;IPR001611;IPR013210;IPR032675;IPR032675;IPR001611;IPR001611;IPR032675;IPR032675;IPR032675;IPR032675;IPR052938;noIPR;noIPR;noIPR,;;;;;;GO:0005515;;GO:0005515;GO:0005515;;;;;;;;;;;;;GO:0005515;;;;GO:0005515;GO:0005515;;;;;;;;
Vitvi05_01chr09g03440,Vitvi05_01chr09g03440,653.465004769554,-1.20754840269439,0.289817282440264,-4.16658521026361,3.09196351002892e-5,0.0495499353231875,chr09,2714650,2735189,50.2.7: 'EC_2-7 transferase transferring phosphorus-containing group',"PF00560 ('Leucine Rich Repeat-Leucine-rich repeat', '630.0', 'Pfam'); PF07714 ('Protein tyrosine and serine/threonine kinase-Serine-threonine/tyrosine-protein kinase, catalytic domain', '1.7E-44', 'Pfam'); PF12819 ('Malectin-like domain-Malectin-like domain', '1.4E-107', 'Pfam'); PF12819 ('Malectin-like domain-Malectin-like domain', '1.4E-104', 'Pfam'); PF13855 ('Leucine rich repeat-Leucine-rich repeat', '1.4E-5', 'Pfam')","PTHR45631 ('OS07G0107800 PROTEIN-RELATED', '2.5E-272', 'PANTHER'); PTHR45631 ('OS07G0107800 PROTEIN-RELATED', '0.0', 'PANTHER')","G3DSA:3.30.200.20 ('Phosphorylase Kinase; domain 1', '4.6E-29', 'Gene3D'); SSF56112 ('Protein kinase-like (PK-like)-Protein kinase-like domain superfamily', '6.2E-75', 'SUPERFAMILY'); G3DSA:3.80.10.10 ('Ribonuclease Inhibitor-Leucine-rich repeat domain superfamily', '7.1E-22', 'Gene3D'); PS00108 ('Serine/Threonine protein kinases active-site signature.-Serine/threonine-protein kinase, active site', '-', 'ProSitePatterns'); G3DSA:3.30.200.20:FF:000039 ('receptor-like protein kinase FERONIA', '1.5E-27', 'FunFam'); SSF52058 ('L domain-like', '5.33E-18', 'SUPERFAMILY'); G3DSA:3.80.10.10 ('Ribonuclease Inhibitor-Leucine-rich repeat domain superfamily', '1.1E-25', 'Gene3D'); SM00220 ('serkin_6-Protein kinase domain', '3.0E-34', 'SMART'); G3DSA:1.10.510.10:FF:000095 ('protein STRUBBELIG-RECEPTOR FAMILY 8', '1.2E-53', 'FunFam'); SSF56112 ('Protein kinase-like (PK-like)-Protein kinase-like domain superfamily', '6.47E-75', 'SUPERFAMILY'); cd14066 ('STKc_IRAK', '7.3995E-87', 'CDD'); G3DSA:1.10.510.10 ('Transferase(Phosphotransferase) domain 1', '1.6E-59', 'Gene3D'); cd14066 ('STKc_IRAK', '9.84396E-87', 'CDD'); PS00107 ('Protein kinases ATP-binding region signature.-Protein kinase, ATP binding site', '-', 'ProSitePatterns'); G3DSA:3.80.10.10:FF:000129 ('Leucine-rich repeat receptor-like kinase', '1.1E-26', 'FunFam'); SSF52058 ('L domain-like', '4.53E-15', 'SUPERFAMILY'); G3DSA:3.30.200.20 ('Phosphorylase Kinase; domain 1', '4.7E-29', 'Gene3D'); PS50011 ('Protein kinase domain profile.-Protein kinase domain', '36.188', 'ProSiteProfiles'); G3DSA:1.10.510.10:FF:000095 ('protein STRUBBELIG-RECEPTOR FAMILY 8', '1.3E-53', 'FunFam')",NA,NA,NA,receptor-like serine threonine-protein kinase,NA,NA,GO:0005524;GO:0005515;GO:0016020;GO:0006468;GO:0004674;GO:0004672,Vitvi05_01chr09g03440_t002_CDS1.prot;Vitvi05_01chr09g03440_t001_CDS1.prot,XP_002277176.2putative leucine-rich repeat receptor-like protein kinase At2g19210;XP_059595456.1putative leucine-rich repeat receptor-like protein kinase At2g19210 isoform X2,EC:2.7.11.1;EC:2.7.1,GO:0004674;GO:0005515;GO:0005524;GO:0006468;GO:0016020;GO:0004672;GO:0005515;GO:0005524;GO:0006468,5;4,noIPR;noIPR;noIPR;IPR000719;noIPR;IPR032675;IPR001611;noIPR;IPR024788;IPR001245;noIPR;noIPR;noIPR;noIPR;noIPR;noIPR;noIPR;noIPR;noIPR;noIPR;noIPR;noIPR;noIPR;noIPR;noIPR;noIPR;noIPR;noIPR;noIPR;noIPR;noIPR;noIPR;noIPR;noIPR;noIPR;noIPR;noIPR;noIPR;noIPR;noIPR;noIPR;noIPR;noIPR;noIPR;noIPR;noIPR;noIPR;noIPR;noIPR;noIPR;noIPR;noIPR;noIPR;noIPR;noIPR;noIPR;noIPR;noIPR;noIPR;noIPR;noIPR;noIPR;noIPR;noIPR;noIPR;noIPR;noIPR;noIPR;noIPR;noIPR;noIPR;noIPR;noIPR;noIPR;noIPR;noIPR;noIPR;noIPR;noIPR;IPR017441;IPR008271;IPR000719;noIPR;IPR011009;noIPR;noIPR;noIPR;IPR000719;IPR024788;noIPR;IPR001245;IPR001611;noIPR;IPR032675;noIPR;noIPR;noIPR;noIPR;noIPR;noIPR;noIPR;noIPR;noIPR;noIPR;noIPR;noIPR;noIPR;noIPR;noIPR;noIPR;noIPR;noIPR;noIPR;noIPR;noIPR;noIPR;noIPR;noIPR;noIPR;noIPR;noIPR;noIPR;noIPR;noIPR;noIPR;noIPR;noIPR;noIPR;noIPR;noIPR;noIPR;noIPR;noIPR;noIPR;noIPR;noIPR;noIPR;noIPR;noIPR;noIPR;noIPR;noIPR;noIPR;noIPR;noIPR;noIPR;noIPR;noIPR;noIPR;noIPR;noIPR;noIPR;noIPR;noIPR;noIPR;noIPR;noIPR;noIPR;noIPR;noIPR;noIPR;noIPR;noIPR;IPR008271;IPR017441;IPR000719;noIPR;IPR011009;noIPR,;;;GO:0005524/GO:0006468/GO:0004672;;;GO:0005515;;;GO:0006468/GO:0004672;;;;;;;;;;;;;;;;;;;;;;;;;;;;;;;;;;;;;;;;;;;;;;;;;;;;;;;;;;;;;;;;;;;;;;GO:0005524;GO:0006468/GO:0004672;GO:0005524/GO:0006468/GO:0004672;;;;;;GO:0005524/GO:0006468/GO:0004672;;;GO:0006468/GO:0004672;GO:0005515;;;;;;;;;;;;;;;;;;;;;;;;;;;;;;;;;;;;;;;;;;;;;;;;;;;;;;;;;;;;;;;;;;;;;;;;GO:0006468/GO:0004672;GO:0005524;GO:0005524/GO:0006468/GO:0004672;;;
Vitvi05_01chr09g04780,Vitvi05_01chr09g04780,97.85680893767,0.534022166994274,0.128350655980377,4.16065007938813,3.17342995537258e-5,0.0495499353231875,chr09,3809548,3812238,NA,"PF00857 ('Isochorismatase family-Isochorismatase-like', '1.8E-35', 'Pfam')","PTHR47044 ('OS02G0276400 PROTEIN', '1.0E-102', 'PANTHER')","cd00431 ('cysteine_hydrolases', '1.75669E-45', 'CDD'); G3DSA:3.40.50.850 ('Isochorismatase-like superfamily', '4.6E-52', 'Gene3D'); SSF52499 ('Isochorismatase-like hydrolases-Isochorismatase-like superfamily', '2.22E-51', 'SUPERFAMILY')",NA,GO:0008152: 'metabolic process (biological_process)'; GO:0046113: 'nucleobase catabolic process (biological_process)'; GO:0072527: 'pyrimidine-containing compound metabolic process (biological_process)'; GO:1901564: 'organonitrogen compound metabolic process (biological_process)'; GO:0044238: 'primary metabolic process (biological_process)'; GO:0034641: 'obsolete cellular nitrogen compound metabolic process (biological_process)'; GO:0072529: 'pyrimidine-containing compound catabolic process (biological_process)'; GO:0044270: 'obsolete cellular nitrogen compound catabolic process (biological_process)'; GO:0055086: 'nucleobase-containing small molecule metabolic process (biological_process)'; GO:0009987: 'cellular process (biological_process)'; GO:0071704: 'organic substance metabolic process (biological_process)'; GO:0006212: 'uracil catabolic process (biological_process)'; GO:0044248: 'cellular catabolic process (biological_process)'; GO:1901361: 'organic cyclic compound catabolic process (biological_process)'; GO:1901565: 'organonitrogen compound catabolic process (biological_process)'; GO:0046483: 'obsolete heterocycle metabolic process (biological_process)'; GO:0019860: 'uracil metabolic process (biological_process)'; GO:0006206: 'pyrimidine nucleobase metabolic process (biological_process)'; GO:0046700: 'obsolete heterocycle catabolic process (biological_process)'; GO:0006208: 'pyrimidine nucleobase catabolic process (biological_process)'; GO:0006139: 'nucleobase-containing compound metabolic process (biological_process)'; GO:0008150: 'biological_process (biological_process)'; GO:0009056: 'catabolic process (biological_process)'; GO:0044281: 'small molecule metabolic process (biological_process)'; GO:1901575: 'organic substance catabolic process (biological_process)'; GO:1901360: 'organic cyclic compound metabolic process (biological_process)'; GO:0006725: 'obsolete cellular aromatic compound metabolic process (biological_process)'; GO:0006807: 'obsolete nitrogen compound metabolic process (biological_process)'; GO:0044237: 'cellular metabolic process (biological_process)'; GO:0009112: 'nucleobase metabolic process (biological_process)',GO:0005622: 'intracellular anatomical structure (cellular_component)'; GO:0005623: 'obsolete cell (cellular_component)'; GO:0044424: 'obsolete intracellular part (cellular_component)'; GO:0044464: 'obsolete cell part (cellular_component)'; GO:0005737: 'cytoplasm (cellular_component)'; GO:0005575: 'cellular_component (cellular_component)',catalytic activity,NA,NA,NA,Vitvi05_01chr09g04780_t001_CDS1.prot,XP_002284348.2probable inactive nicotinamidase At3g16190,NA,NA,NA,IPR000868;IPR036380;noIPR;noIPR;IPR036380,;;;;
